[
  {
    "questions": [
      {
        "question": "Who or what was Big Bertha?",
        "A": "a comet",
        "B": "a World War I gun",
        "C": "a pro wrestling champion",
        "D": "a giant Muppet",
        "answer": "B"
      },
      {
        "question": "In what sport do athletes compete for the Walker Cup?",
        "A": "cricket",
        "B": "tennis",
        "C": "squash",
        "D": "golf",
        "answer": "D"
      },
      {
        "question": "What is a Dutch oven?",
        "A": "a toaster oven",
        "B": "a microwave",
        "C": "a kettle pot",
        "D": "a sauna",
        "answer": "C"
      },
      {
        "question": "In what year did the United States last win an Olympic gold medal in men's ice hockey?",
        "A": "1976",
        "B": "1980",
        "C": "1984",
        "D": "1988",
        "answer": "B"
      },
      {
        "question": "Including the bottom, how many sides are on a square-based pyramid?",
        "A": "three",
        "B": "four",
        "C": "five",
        "D": "six",
        "answer": "C"
      },
      {
        "question": "What city is known as 'the rubber capital of the world'?",
        "A": "Omaha, Nebraska",
        "B": "Rockford, Illinois",
        "C": "Grand Rapids, Michigan",
        "D": "Akron, Ohio",
        "answer": "D"
      },
      {
        "question": "What do you call a young cow?",
        "A": "mare",
        "B": "lamb",
        "C": "kid",
        "D": "calf",
        "answer": "D"
      },
      {
        "question": "What character did Woody replace on the TV show 'Cheers'?",
        "A": "Coach",
        "B": "Diane",
        "C": "Norm",
        "D": "Frasier",
        "answer": "A"
      },
      {
        "question": "The disco band ABBA comes from what country?",
        "A": "Norway",
        "B": "Sweden",
        "C": "Switzerland",
        "D": "The Netherlands",
        "answer": "B"
      },
      {
        "question": "What disease does a carcinogen cause?",
        "A": "cancer",
        "B": "influenza",
        "C": "emphysema",
        "D": "heart disease",
        "answer": "A"
      }
    ]
  },
  {
    "questions": [
      {
        "question": "If a piece of music is in 'common time' how many quarter notes are there per measure?",
        "A": "one",
        "B": "four",
        "C": "five",
        "D": "ten",
        "answer": "B"
      },
      {
        "question": "In American football, how many points is a touchdown worth?",
        "A": "two",
        "B": "three",
        "C": "six",
        "D": "seven",
        "answer": "C"
      },
      {
        "question": "In computer terminology, what does the acronym 'FTP' stand for?",
        "A": "file transfer protocol",
        "B": "full time portal",
        "C": "full text processor",
        "D": "free to print",
        "answer": "A"
      },
      {
        "question": "In Greek mythology, what is the name of Zeus' father?",
        "A": "Apollo",
        "B": "Cronus",
        "C": "Prometheus",
        "D": "Hercules",
        "answer": "B"
      },
      {
        "question": "If you ask for 'gai' at a Thai restaurant, what will you get?",
        "A": "shrimp",
        "B": "chicken",
        "C": "beef",
        "D": "pork",
        "answer": "B"
      },
      {
        "question": "For a man and woman on a date, 'dutch treat' means what?",
        "A": "the man pays",
        "B": "the woman pays",
        "C": "the Dutch pay",
        "D": "each pays their own way",
        "answer": "D"
      },
      {
        "question": "If you are watching a Shavian play, who is the author?",
        "A": "Shakespeare",
        "B": "Aeschylus",
        "C": "George Bernard Shaw",
        "D": "Anton Chekhov",
        "answer": "C"
      },
      {
        "question": "Mohair is made from the fleece of what animal?",
        "A": "camel",
        "B": "llama",
        "C": "goat",
        "D": "mole",
        "answer": "C"
      },
      {
        "question": "Stevie Wonder and Michael Jackson have both recorded duets with which former Beatle?",
        "A": "Paul McCartney",
        "B": "John Lennon",
        "C": "George Harrison",
        "D": "Ringo Starr",
        "answer": "A"
      },
      {
        "question": "If you dial '411' on a telephone, who are you calling?",
        "A": "the police",
        "B": "the White House",
        "C": "directory assistance",
        "D": "Moviefone",
        "answer": "C"
      }
    ]
  },
  {
    "questions": [
      {
        "question": "What is the name of the POW camp where 'Hogan's Heroes' are held?",
        "A": "Stalag 13",
        "B": "Alcatraz 17",
        "C": "Devil's Island",
        "D": "Leavenworth",
        "answer": "A"
      },
      {
        "question": "The phrase 'hospital corners' refers to what?",
        "A": "bed sheets",
        "B": "paint",
        "C": "landscaping",
        "D": "scissors",
        "answer": "A"
      },
      {
        "question": "If someone has cataracts, what part of their body might need an operation?",
        "A": "ear",
        "B": "hand",
        "C": "eye",
        "D": "knee",
        "answer": "C"
      },
      {
        "question": "In 1978, who became the youngest jockey ever to win horse racing's triple crown?",
        "A": "Jerry Bailey",
        "B": "Steve Cauthen",
        "C": "Willie Shoemaker",
        "D": "Pasquale Devito",
        "answer": "B"
      },
      {
        "question": "Whom did Billie Jean King defeat in the famous 'Battle of the Sexes' tennis match?",
        "A": "Jimmy Connors",
        "B": "Pete Sampras",
        "C": "John McEnroe",
        "D": "Bobby Riggs",
        "answer": "D"
      },
      {
        "question": "What do the initials 'E. E.' in poet E. E. Cummings' name stand for?",
        "A": "Edward Estlin",
        "B": "Edmund Earl",
        "C": "Ernest Eakins",
        "D": "Eugene Evan",
        "answer": "A"
      },
      {
        "question": "Which of the following is most commonly kept in a terrarium?",
        "A": "money",
        "B": "books",
        "C": "ice",
        "D": "plants",
        "answer": "D"
      },
      {
        "question": "What new token was recently added to the Monopoly board game?",
        "A": "piggybank",
        "B": "sack of money",
        "C": "globe",
        "D": "telephone",
        "answer": "B"
      },
      {
        "question": "What is the normal playback speed of a 12\" long-playing record?",
        "A": "12 1/2 rpm",
        "B": "33 1/3 rpm",
        "C": "45 rpm",
        "D": "100 rpm",
        "answer": "B"
      },
      {
        "question": "A student who earns a J.D. can begin his or her career as a what?",
        "A": "lawyer",
        "B": "bricklayer",
        "C": "doctor",
        "D": "accountant",
        "answer": "A"
      }
    ]
  },
  {
    "questions": [
      {
        "question": "With what would you use a wah-wah pedal?",
        "A": "bicycle",
        "B": "stock car",
        "C": "electric guitar",
        "D": "baby",
        "answer": "C"
      },
      {
        "question": "What literary work is the source of the quote 'Abandon every hope, all you who enter here'?",
        "A": "'Paradise Lost'",
        "B": "'The Divine Comedy'",
        "C": "'Beowulf'",
        "D": "'Twilight'",
        "answer": "B"
      },
      {
        "question": "What is the last letter of the Greek alphabet?",
        "A": "omicron",
        "B": "omega",
        "C": "upsilon",
        "D": "zeta",
        "answer": "B"
      },
      {
        "question": "What is the name of the mountain where the mythological Greek gods live?",
        "A": "Jupiter",
        "B": "Olympus",
        "C": "Vesuvius",
        "D": "Valhalla",
        "answer": "B"
      },
      {
        "question": "What is the oldest permanent European settlement in the United States?",
        "A": "St. Augustine, Florida",
        "B": "Plymouth, Massachusetts",
        "C": "Newport News, Virginia",
        "D": "Charlotte, North Carolina",
        "answer": "A"
      },
      {
        "question": "What is the name of the StarKist tuna mascot?",
        "A": "Charlie",
        "B": "Sam",
        "C": "Al",
        "D": "Morris",
        "answer": "A"
      },
      {
        "question": "What is New Mexico's nickname?",
        "A": "'The Desert State'",
        "B": "'Gateway to Paradise'",
        "C": "'Land of Enchantment'",
        "D": "'The Garden State'",
        "answer": "C"
      },
      {
        "question": "In what sport do athletes compete for the Walker Cup?",
        "A": "cricket",
        "B": "tennis",
        "C": "squash",
        "D": "golf",
        "answer": "D"
      },
      {
        "question": "What city's airport uses the code ORD?",
        "A": "Chicago",
        "B": "Orlando",
        "C": "New York City",
        "D": "Portland",
        "answer": "A"
      },
      {
        "question": "What former 'Today' show personality played a neighbor on the TV sitcom 'The Hogan Family'?",
        "A": "Jane Pauley",
        "B": "Willard Scott",
        "C": "Deborah Norville",
        "D": "Joe Garagiola",
        "answer": "B"
      }
    ]
  },
  {
    "questions": [
      {
        "question": "Girls of what religious community traditionally wear bonnets?",
        "A": "Amish",
        "B": "Sikh",
        "C": "Roman Catholic",
        "D": "Christian",
        "answer": "A"
      },
      {
        "question": "Which of these foods is not traditionally considered kosher?",
        "A": "citrus fruits",
        "B": "barley",
        "C": "chicken",
        "D": "shellfish",
        "answer": "D"
      },
      {
        "question": "What company makes perfumes called 'Beautiful' and 'Pleasures'?",
        "A": "Estee Lauder",
        "B": "Ralph Lauren",
        "C": "Elizabeth Arden",
        "D": "Calvin Klein",
        "answer": "A"
      },
      {
        "question": "During which war did US troops fight the Battle of New Orleans?",
        "A": "American Revolution",
        "B": "Civil War",
        "C": "Mexican War",
        "D": "War of 1812",
        "answer": "D"
      },
      {
        "question": "What important food crop is grown in fields called paddies?",
        "A": "wheat",
        "B": "rye",
        "C": "corn",
        "D": "rice",
        "answer": "D"
      },
      {
        "question": "What disease is characterized by a body's inability to properly metabolize glucose?",
        "A": "Influenza",
        "B": "Septicemia",
        "C": "Diabetes",
        "D": "Arthritis",
        "answer": "C"
      },
      {
        "question": "What city's airport uses the code ORD?",
        "A": "Chicago",
        "B": "Orlando",
        "C": "New York City",
        "D": "Portland",
        "answer": "A"
      },
      {
        "question": "According to the proverb, necessity is the mother of what?",
        "A": "Invention",
        "B": "Luck",
        "C": "Problems",
        "D": "Procrastination",
        "answer": "A"
      },
      {
        "question": "People are supposed to drive on the left-hand side of the road in which country?",
        "A": "France",
        "B": "Italy",
        "C": "England",
        "D": "Germany",
        "answer": "C"
      },
      {
        "question": "For what purpose would you use an awl?",
        "A": "to shoot ducks",
        "B": "to polish floors",
        "C": "to make holes",
        "D": "to weigh fruit",
        "answer": "C"
      }
    ]
  },
  {
    "questions": [
      {
        "question": "If you work as a 'dolly grip' what business are you in?",
        "A": "sheep farming",
        "B": "film production",
        "C": "construction",
        "D": "moving",
        "answer": "B"
      },
      {
        "question": "The dance known as the 'fandango' is of what origin?",
        "A": "Australian",
        "B": "African",
        "C": "Native American",
        "D": "Spanish",
        "answer": "D"
      },
      {
        "question": "In 1960, Nazi official Adolph Eichmann was finally captured in what country?",
        "A": "Brazil",
        "B": "East Germany",
        "C": "Argentina",
        "D": "Paraguay",
        "answer": "C"
      },
      {
        "question": "In traditional English puppet shows, who is married to the character Punch?",
        "A": "Debbie",
        "B": "Victoria",
        "C": "Judy",
        "D": "Barbara",
        "answer": "C"
      },
      {
        "question": "What color is cartoon character Marge Simpson's hair?",
        "A": "yellow",
        "B": "purple",
        "C": "blue",
        "D": "brown",
        "answer": "C"
      },
      {
        "question": "In which of these sports do competitors use a 'funny car'?",
        "A": "supercross",
        "B": "dogsledding",
        "C": "gymnastics",
        "D": "drag racing",
        "answer": "D"
      },
      {
        "question": "Which of these college football programs has produced the most Heisman Trophy winners?",
        "A": "Notre Dame",
        "B": "USC",
        "C": "Oklahoma",
        "D": "Michigan",
        "answer": "A"
      },
      {
        "question": "In the film 'The Talented Mr. Ripley' who plays Mr. Ripley?",
        "A": "Jude Law",
        "B": "Matt Damon",
        "C": "Dustin Hoffman",
        "D": "Ben Affleck",
        "answer": "B"
      },
      {
        "question": "What is the birthstone for the month of January?",
        "A": "topaz",
        "B": "garnet",
        "C": "opal",
        "D": "diamond",
        "answer": "B"
      },
      {
        "question": "According to the proverb, necessity is the mother of what?",
        "A": "Invention",
        "B": "Luck",
        "C": "Problems",
        "D": "Procrastination",
        "answer": "A"
      }
    ]
  },
  {
    "questions": [
      {
        "question": "What is the official language of The Netherlands?",
        "A": "Danish",
        "B": "Swedish",
        "C": "German",
        "D": "Dutch",
        "answer": "D"
      },
      {
        "question": "In the novel 'The Adventures of Tom Sawyer' what is the name of Tom's sweetheart?",
        "A": "Polly Finn",
        "B": "Becky Thatcher",
        "C": "Nancy Drew",
        "D": "Emma Bovary",
        "answer": "B"
      },
      {
        "question": "How many keys are on a standard piano?",
        "A": "20",
        "B": "54",
        "C": "88",
        "D": "100",
        "answer": "C"
      },
      {
        "question": "According to a Yale University study, what smell is the most recognizable to American adults?",
        "A": "tuna",
        "B": "laundry",
        "C": "popcorn",
        "D": "coffee",
        "answer": "D"
      },
      {
        "question": "What does an animal produce when it lactates?",
        "A": "sweat",
        "B": "wool",
        "C": "milk",
        "D": "methane",
        "answer": "C"
      },
      {
        "question": "The film 'Stand By Me' is based on a novel by what author?",
        "A": "Anne Proulx",
        "B": "Stephen King",
        "C": "Dean Koontz",
        "D": "Frank McCourt",
        "answer": "B"
      },
      {
        "question": "John D. Rockefeller made his fortune in what industry?",
        "A": "automobile ",
        "B": "oil",
        "C": "steel",
        "D": "railroad",
        "answer": "B"
      },
      {
        "question": "A pita is a type of what?",
        "A": "fresh fruit",
        "B": "flat bread",
        "C": "French tart",
        "D": "friend bean dip",
        "answer": "B"
      },
      {
        "question": "How many innings are there in a regular Major League Baseball game?",
        "A": "seven",
        "B": "eight",
        "C": "nine",
        "D": "ten",
        "answer": "C"
      },
      {
        "question": "How is the Arabic numeral for '2' written?",
        "A": "2",
        "B": "II",
        "C": "I",
        "D": "ii",
        "answer": "A"
      }
    ]
  },
  {
    "questions": [
      {
        "question": "Which of these sentences is written in the subjunctive?",
        "A": "I am not your man",
        "B": "I wish I were your man",
        "C": "Wherefore art your man?",
        "D": "Your man is where?",
        "answer": "B"
      },
      {
        "question": "What internet company goes by the acronym AOL?",
        "A": "America Over Lines",
        "B": "America Online",
        "C": "Americans On Links",
        "D": "Americans On LOR",
        "answer": "B"
      },
      {
        "question": "What high school does the gang from the 'Archie' comic strip attend?",
        "A": "Ridgemont High",
        "B": "Riverdale High",
        "C": "Rumson High",
        "D": "Riker's Island High",
        "answer": "B"
      },
      {
        "question": "What does the acronym 'REM' stand for?",
        "A": "random energy module",
        "B": "rapid eye movement",
        "C": "red entertainment machine",
        "D": "really energetic music",
        "answer": "B"
      },
      {
        "question": "From what language does the term 'R.S.V.P.' originate?",
        "A": "Russian",
        "B": "Italian",
        "C": "Portuguese",
        "D": "French",
        "answer": "D"
      },
      {
        "question": "What cartoon character traveled in a time machine with Mr. Peabody?",
        "A": "Rocky",
        "B": "Jonny Quest",
        "C": "Underdog",
        "D": "Sherman",
        "answer": "D"
      },
      {
        "question": "A flashing red traffic light signifies that a driver should do what?",
        "A": "stop",
        "B": "speed up",
        "C": "proceed with caution",
        "D": "honk the horn",
        "answer": "A"
      },
      {
        "question": "Each year in pro baseball, the player voted as the best fielder at his position wins what?",
        "A": "a brand new car",
        "B": "the Gold Glove",
        "C": "the Silver Bat",
        "D": "the Brass Baseball",
        "answer": "B"
      },
      {
        "question": "In the classic song 'Take Me Out to the Ballgame' for whom do we 'root root root'?",
        "A": "the umpire",
        "B": "the home team",
        "C": "the bat boy",
        "D": "Mighty Casey",
        "answer": "B"
      },
      {
        "question": "According to the title of a popular children's TV show, what color is Bear's big house?",
        "A": "red",
        "B": "green",
        "C": "purple",
        "D": "blue",
        "answer": "D"
      }
    ]
  },
  {
    "questions": [
      {
        "question": "What topic does Spin magazine primarily cover?",
        "A": "politics",
        "B": "washing machines",
        "C": "books",
        "D": "music",
        "answer": "D"
      },
      {
        "question": "What is an alternate name for the food dish 'Beijing duck'?",
        "A": "Shanghai duck",
        "B": "Peking duck",
        "C": "Hong Kong duck",
        "D": "Brooklyn duck",
        "answer": "B"
      },
      {
        "question": "The American patriot Paul Revere was named for his father, whose original name was what?",
        "A": "John Paul Revere",
        "B": "Paul Silver",
        "C": "Apollos Rivoire",
        "D": "Paolo Reverini",
        "answer": "C"
      },
      {
        "question": "'Nature, Mr. Allnut, is what we are put in this world to rise above' is a line from what film?",
        "A": "'Citizen Kane'",
        "B": "'The African Queen'",
        "C": "'The Deer Hunter'",
        "D": "'Adam's Rib'",
        "answer": "B"
      },
      {
        "question": "If you ask for 'gai' at a Thai restaurant, what will you get?",
        "A": "shrimp",
        "B": "chicken",
        "C": "beef",
        "D": "pork",
        "answer": "B"
      },
      {
        "question": "In which of the following bands did Jimmy Page not play guitar?",
        "A": "Bad Company",
        "B": "The Firm",
        "C": "Led Zeppelin",
        "D": "The Yardbirds",
        "answer": "A"
      },
      {
        "question": "Cheddar cheese got its name from a village in what country?",
        "A": "England",
        "B": "France",
        "C": "Switzerland",
        "D": "Denmark",
        "answer": "A"
      },
      {
        "question": "Stevie Wonder and Michael Jackson have both recorded duets with which former Beatle?",
        "A": "Paul McCartney",
        "B": "John Lennon",
        "C": "George Harrison",
        "D": "Ringo Starr",
        "answer": "A"
      },
      {
        "question": "During which war did US troops fight the Battle of New Orleans?",
        "A": "American Revolution",
        "B": "Civil War",
        "C": "Mexican War",
        "D": "War of 1812",
        "answer": "D"
      },
      {
        "question": "What biological process replicates DNA?",
        "A": "molting",
        "B": "mitosis",
        "C": "diffusion",
        "D": "peristalsis",
        "answer": "B"
      }
    ]
  },
  {
    "questions": [
      {
        "question": "In 1986, Libyan leader Muammar Qaddafi drew a so-called 'Line of Death' over what body of water?",
        "A": "Gulf of Sidra",
        "B": "Gulf of Oman",
        "C": "Red Sea",
        "D": "Persian Gulf",
        "answer": "A"
      },
      {
        "question": "What is the name for the thin board used to mix colors while painting?",
        "A": "pestle",
        "B": "easel",
        "C": "shoe",
        "D": "palette",
        "answer": "D"
      },
      {
        "question": "In what state is the 1999 movie 'Magnolia' set?",
        "A": "California",
        "B": "South Carolina",
        "C": "Georgia",
        "D": "Texas",
        "answer": "A"
      },
      {
        "question": "If you ask for 'gai' at a Thai restaurant, what will you get?",
        "A": "shrimp",
        "B": "chicken",
        "C": "beef",
        "D": "pork",
        "answer": "B"
      },
      {
        "question": "Paper will burn at approximately what temperature, in Fahrenheit?",
        "A": "98.6 degrees",
        "B": "212.5 degrees",
        "C": "398.5 degrees",
        "D": "451 degrees",
        "answer": "D"
      },
      {
        "question": "The American patriot Paul Revere was named for his father, whose original name was what?",
        "A": "John Paul Revere",
        "B": "Paul Silver",
        "C": "Apollos Rivoire",
        "D": "Paolo Reverini",
        "answer": "C"
      },
      {
        "question": "What color is Uncle Sam's goatee?",
        "A": "brown",
        "B": "black ",
        "C": "white",
        "D": "dishwater blond",
        "answer": "C"
      },
      {
        "question": "What is the final word of the Pledge of Allegiance?",
        "A": "America",
        "B": "stands",
        "C": "indivisible",
        "D": "all",
        "answer": "D"
      },
      {
        "question": "According to Greek mythology, who was Apollo's twin sister?",
        "A": "Aphrodite",
        "B": "Artemis",
        "C": "Venus",
        "D": "Athena",
        "answer": "B"
      },
      {
        "question": "In what sport do you find 'steel cage' matches?",
        "A": "boxing",
        "B": "fencing",
        "C": "pro wrestling",
        "D": "college basketball",
        "answer": "C"
      }
    ]
  },
  {
    "questions": [
      {
        "question": "Which fast food chain used the advertising slogan, 'Where's the beef?'",
        "A": "Wendy's",
        "B": "Kentucky Fried Chicken",
        "C": "Burger King",
        "D": "McDonald's",
        "answer": "A"
      },
      {
        "question": "According to folklore, the 'jackalope' is an antlered version of what animal?",
        "A": "chicken",
        "B": "rabbit",
        "C": "moose",
        "D": "snake",
        "answer": "B"
      },
      {
        "question": "According to the Mother Goose nursery rhyme, which child is full of woe?",
        "A": "Monday's child",
        "B": "Wednesday's child",
        "C": "Thursday's child",
        "D": "Saturday's child",
        "answer": "B"
      },
      {
        "question": "How much does Peanuts character Lucy charge for her psychiatric advice?",
        "A": "5 cents",
        "B": "10 cents",
        "C": "75 cents",
        "D": "$125",
        "answer": "A"
      },
      {
        "question": "What are the names of the two primary M&M's spokes-candies?",
        "A": "Peanut and Plain",
        "B": "Red and Yellow",
        "C": "Mort and Marty",
        "D": "They don't have names",
        "answer": "B"
      },
      {
        "question": "Backgammon is a how many player game?",
        "A": "Two",
        "B": "Three",
        "C": "Four",
        "D": "Six",
        "answer": "A"
      },
      {
        "question": "On the TV show 'CHiPs' what was Officer Frank Poncherello's nickname?",
        "A": "Franky",
        "B": "Ponch",
        "C": "Chipper",
        "D": "Hot Dog",
        "answer": "B"
      },
      {
        "question": "An airplane's black box is usually what color?",
        "A": "black",
        "B": "white",
        "C": "orange",
        "D": "purple",
        "answer": "C"
      },
      {
        "question": "In what state is the 1999 movie 'Magnolia' set?",
        "A": "California",
        "B": "South Carolina",
        "C": "Georgia",
        "D": "Texas",
        "answer": "A"
      },
      {
        "question": "At the equator, how fast is the earth's surface turning?",
        "A": "about 100 miles per hour",
        "B": "about 500 miles per hour",
        "C": "about 1000 miles per hour",
        "D": "about 2000 miles per hour",
        "answer": "C"
      }
    ]
  },
  {
    "questions": [
      {
        "question": "At what age can someone first attend an R-rated movie without an accompanying adult?",
        "A": "15",
        "B": "17",
        "C": "18",
        "D": "21",
        "answer": "C"
      },
      {
        "question": "In the film 'Easy Rider' what emblem is on the back of Peter Fonda's leather jacket?",
        "A": "peace symbol",
        "B": "American flag",
        "C": "two white doves",
        "D": "Harley-Davidson logo",
        "answer": "B"
      },
      {
        "question": "According to a famous line from the existentialist play 'No Exit' what is hell?",
        "A": "oneself",
        "B": "other people",
        "C": "little made large",
        "D": "hued in green and blue",
        "answer": "B"
      },
      {
        "question": "Which of these states is not the birthplace of a US president?",
        "A": "New Jersey",
        "B": "Nebraska",
        "C": "Kansas",
        "D": "California",
        "answer": "C"
      },
      {
        "question": "In America, what is the main ingredient in pepperoni?",
        "A": "fish",
        "B": "pepper",
        "C": "wheat",
        "D": "meat",
        "answer": "D"
      },
      {
        "question": "A flashing red traffic light signifies that a driver should do what?",
        "A": "stop",
        "B": "speed up",
        "C": "proceed with caution",
        "D": "honk the horn",
        "answer": "A"
      },
      {
        "question": "In American football, how many points is a touchdown worth?",
        "A": "two",
        "B": "three",
        "C": "six",
        "D": "seven",
        "answer": "C"
      },
      {
        "question": "In ice hockey, which of the following is not a penalty?",
        "A": "hooking",
        "B": "charging",
        "C": "carving",
        "D": "butt-ending",
        "answer": "C"
      },
      {
        "question": "What city's residents are known as 'Knickerbockers'?",
        "A": "Boston",
        "B": "Philadelphia",
        "C": "New York City",
        "D": "London",
        "answer": "C"
      },
      {
        "question": "The common term for someone who has difficulty seeing objects in the distance is what?",
        "A": "farsighted",
        "B": "nearsighted",
        "C": "hindsighted",
        "D": "hypermetropic",
        "answer": "B"
      }
    ]
  },
  {
    "questions": [
      {
        "question": "A triptych is a work of art that is painted on how many panels?",
        "A": "two",
        "B": "three",
        "C": "five",
        "D": "eight",
        "answer": "B"
      },
      {
        "question": "What was the birth name of civil rights leader Malcolm X?",
        "A": "Michael Brown",
        "B": "Malcolm Little",
        "C": "Malcolm Lincoln",
        "D": "Michael Lloyd",
        "answer": "B"
      },
      {
        "question": "What is actor Antonio Banderas native language?",
        "A": "Spanish",
        "B": "Russian",
        "C": "German",
        "D": "French",
        "answer": "A"
      },
      {
        "question": "In the Arthurian legend, who is married to Guinevere?",
        "A": "Merlin",
        "B": "King Arthur",
        "C": "Lancelot",
        "D": "Camelot",
        "answer": "B"
      },
      {
        "question": "In the story 'Jack and the Beanstalk' what does Jack trade to get the magic beans?",
        "A": "a cow",
        "B": "a hat",
        "C": "a harp",
        "D": "a goose",
        "answer": "A"
      },
      {
        "question": "What is the name of Howard Stern's female on-air sidekick?",
        "A": "Allison Norris",
        "B": "Jackie Reeses",
        "C": "Jackie Martling",
        "D": "Robin Quivers",
        "answer": "D"
      },
      {
        "question": "Which of these men has never been a head coach in the NFL?",
        "A": "Dick Vermeil",
        "B": "Bill Parcells",
        "C": "Chuck Noll",
        "D": "Pat Riley",
        "answer": "D"
      },
      {
        "question": "Astronaut John Glenn served as a pilot in what branch of the military?",
        "A": "Army",
        "B": "Air Force",
        "C": "Marines",
        "D": "Navy",
        "answer": "C"
      },
      {
        "question": "Which of these states is not the birthplace of a US president?",
        "A": "New Jersey",
        "B": "Nebraska",
        "C": "Kansas",
        "D": "California",
        "answer": "C"
      },
      {
        "question": "How many eyes does a Giraffe have?",
        "A": "one",
        "B": "two",
        "C": "three",
        "D": "four",
        "answer": "B"
      }
    ]
  },
  {
    "questions": [
      {
        "question": "Which of these is typically not used as a spice?",
        "A": "dill",
        "B": "thyme",
        "C": "hemlock",
        "D": "marjoram",
        "answer": "C"
      },
      {
        "question": "According to the USDA, which food group should you eat the most servings of per day?",
        "A": "vegetables",
        "B": "dairy",
        "C": "meats",
        "D": "breads",
        "answer": "D"
      },
      {
        "question": "According to the American Kennel Club, what is the most popular breed of dog in the US as of 1999?",
        "A": "Poodle",
        "B": "Beagle",
        "C": "German shepherd",
        "D": "Labrador retriever",
        "answer": "D"
      },
      {
        "question": "How much does Peanuts character Lucy charge for her psychiatric advice?",
        "A": "5 cents",
        "B": "10 cents",
        "C": "75 cents",
        "D": "$125",
        "answer": "A"
      },
      {
        "question": "After Prince Charles, who is next in line to be the king of England?",
        "A": "Prince William",
        "B": "Prince Andrew",
        "C": "Prince Edward",
        "D": "Fresh Prince",
        "answer": "A"
      },
      {
        "question": "Cheddar cheese got its name from a village in what country?",
        "A": "England",
        "B": "France",
        "C": "Switzerland",
        "D": "Denmark",
        "answer": "A"
      },
      {
        "question": "Backgammon is a how many player game?",
        "A": "Two",
        "B": "Three",
        "C": "Four",
        "D": "Six",
        "answer": "A"
      },
      {
        "question": "A portrait that comically exaggerates a person's physical traits is called a what?",
        "A": "landscape",
        "B": "caricature",
        "C": "still life",
        "D": "Impressionism",
        "answer": "B"
      },
      {
        "question": "According to the proverb, necessity is the mother of what?",
        "A": "Invention",
        "B": "Luck",
        "C": "Problems",
        "D": "Procrastination",
        "answer": "A"
      },
      {
        "question": "By what collective name do Christians refer to God the Father, God the Son and the Holy Ghost?",
        "A": "the Trio",
        "B": "the Troika",
        "C": "the Triumvirate",
        "D": "the Trinity",
        "answer": "D"
      }
    ]
  },
  {
    "questions": [
      {
        "question": "'Nature, Mr. Allnut, is what we are put in this world to rise above' is a line from what film?",
        "A": "'Citizen Kane'",
        "B": "'The African Queen'",
        "C": "'The Deer Hunter'",
        "D": "'Adam's Rib'",
        "answer": "B"
      },
      {
        "question": "Which of the following breakfast cereals is shaped like the letter O?",
        "A": "Life Corn",
        "B": "Chex",
        "C": "Cheerios",
        "D": "Raisin Bran",
        "answer": "C"
      },
      {
        "question": "Which of these is commonly used to treat allergies?",
        "A": "antimatter",
        "B": "anticoagulants",
        "C": "antiseptics",
        "D": "antihistamines",
        "answer": "D"
      },
      {
        "question": "What new token was recently added to the Monopoly board game?",
        "A": "piggybank",
        "B": "sack of money",
        "C": "globe",
        "D": "telephone",
        "answer": "B"
      },
      {
        "question": "What metal device is used by police to immobilize the wheels of repeat parking offenders?",
        "A": "Brooklyn clamp",
        "B": "Denver boot",
        "C": "LoJack",
        "D": "The Club",
        "answer": "B"
      },
      {
        "question": "What Native American tribe did chief Crazy Horse lead?",
        "A": "Apache",
        "B": "Comanche",
        "C": "Sioux",
        "D": "Iroquois",
        "answer": "C"
      },
      {
        "question": "What kind of animal is a peregrine?",
        "A": "moose",
        "B": "cat",
        "C": "bird",
        "D": "fish",
        "answer": "C"
      },
      {
        "question": "What sport is featured in the 1996 movie 'Kingpin'?",
        "A": "wrestling",
        "B": "golf",
        "C": "chess",
        "D": "bowling",
        "answer": "D"
      },
      {
        "question": "What professional sports team plays its home games in the Alamodome?",
        "A": "New York Jets",
        "B": "Detroit Tigers",
        "C": "Boston Bruins",
        "D": "San Antonio Spurs",
        "answer": "D"
      },
      {
        "question": "What were the first names of the early American explorers Lewis and Clark?",
        "A": "Morgan and Mason",
        "B": "Meriwether and William",
        "C": "Cabot and Joseph",
        "D": "Meredith and George",
        "answer": "B"
      }
    ]
  },
  {
    "questions": [
      {
        "question": "What is the capital of New Zealand?",
        "A": "Sydney",
        "B": "Wellington",
        "C": "Auckland",
        "D": "Melbourne",
        "answer": "B"
      },
      {
        "question": "What is the name of Howard Stern's female on-air sidekick?",
        "A": "Allison Norris",
        "B": "Jackie Reeses",
        "C": "Jackie Martling",
        "D": "Robin Quivers",
        "answer": "D"
      },
      {
        "question": "On TV's 'Seinfeld' what type of doctor did Mr. Costanza go to when he sat on 'fusilli Jerry'?",
        "A": "ophthalmologist",
        "B": "cardiologist",
        "C": "neurologist",
        "D": "proctologist",
        "answer": "D"
      },
      {
        "question": "In what country did Pokemon originate?",
        "A": "France",
        "B": "Hungary",
        "C": "Japan",
        "D": "Canada",
        "answer": "C"
      },
      {
        "question": "The TV show 'House of Style' airs on what network?",
        "A": "E",
        "B": "WB",
        "C": "MTV",
        "D": "Home Shopping Network",
        "answer": "C"
      },
      {
        "question": "In what year did the Great Depression begin?",
        "A": "1884",
        "B": "1929",
        "C": "1953",
        "D": "1975",
        "answer": "B"
      },
      {
        "question": "What children's storybook character believes that the sky is falling?",
        "A": "Chicken Little",
        "B": "Curious George",
        "C": "Jack Sprat",
        "D": "Tom Thumb",
        "answer": "A"
      },
      {
        "question": "The American patriot Paul Revere was named for his father, whose original name was what?",
        "A": "John Paul Revere",
        "B": "Paul Silver",
        "C": "Apollos Rivoire",
        "D": "Paolo Reverini",
        "answer": "C"
      },
      {
        "question": "On what body part should you wear a babushka?",
        "A": "head",
        "B": "hands",
        "C": "foot",
        "D": "legs",
        "answer": "A"
      },
      {
        "question": "In the movie 'Star Wars' what kind of creature is Chewbacca?",
        "A": "Woolie",
        "B": "Boobie",
        "C": "Wookie",
        "D": "Klingon",
        "answer": "C"
      }
    ]
  },
  {
    "questions": [
      {
        "question": "In American football, how many points is a touchdown worth?",
        "A": "two",
        "B": "three",
        "C": "six",
        "D": "seven",
        "answer": "C"
      },
      {
        "question": "In which of these sports do competitors use a 'funny car'?",
        "A": "supercross",
        "B": "dogsledding",
        "C": "gymnastics",
        "D": "drag racing",
        "answer": "D"
      },
      {
        "question": "In 1978, who became the youngest jockey ever to win horse racing's triple crown?",
        "A": "Jerry Bailey",
        "B": "Steve Cauthen",
        "C": "Willie Shoemaker",
        "D": "Pasquale Devito",
        "answer": "B"
      },
      {
        "question": "In mobster lingo, if you 'sing like a canary' what are you doing?",
        "A": "impersonating Sinatra",
        "B": "talking to the cops",
        "C": "killing an enemy",
        "D": "betting on horses",
        "answer": "B"
      },
      {
        "question": "In what sport do athletes compete for the Walker Cup?",
        "A": "cricket",
        "B": "tennis",
        "C": "squash",
        "D": "golf",
        "answer": "D"
      },
      {
        "question": "On Valentine's Day 2000, NASA's NEAR spacecraft began a yearlong orbit of what asteroid?",
        "A": "Eros",
        "B": "Cupid",
        "C": "Aphrodite",
        "D": "Venus",
        "answer": "A"
      },
      {
        "question": "In the sci-fi movie 'Fantastic Voyage' where do the voyagers travel?",
        "A": "through outer space",
        "B": "through a human body",
        "C": "to the ocean floor",
        "D": "to the center of the earth",
        "answer": "B"
      },
      {
        "question": "Where is Ghirardelli Square located?",
        "A": "Milan",
        "B": "Rome",
        "C": "Washington DC",
        "D": "San Francisco",
        "answer": "D"
      },
      {
        "question": "What pro wrestler grapples with Sylvester Stallone in the movie 'Rocky III'?",
        "A": "Dolph Lundgren",
        "B": "Hulk Hogan",
        "C": "Andre the Giant",
        "D": "The Iron Sheik",
        "answer": "B"
      },
      {
        "question": "What is the meaning of 'Betelgeuse', the name of the brightest star in the constellation Orion?",
        "A": "blossom on a shield",
        "B": "eye of the archer",
        "C": "the lion's mane",
        "D": "armpit of the giant",
        "answer": "D"
      }
    ]
  },
  {
    "questions": [
      {
        "question": "What is the normal playback speed of a 12\" long-playing record?",
        "A": "12 1/2 rpm",
        "B": "33 1/3 rpm",
        "C": "45 rpm",
        "D": "100 rpm",
        "answer": "B"
      },
      {
        "question": "What condition is caused by malfunctioning sebaceous glands?",
        "A": "bad breath",
        "B": "shingles",
        "C": "acne",
        "D": "carpal tunnel syndrome",
        "answer": "C"
      },
      {
        "question": "If someone has cataracts, what part of their body might need an operation?",
        "A": "ear",
        "B": "hand",
        "C": "eye",
        "D": "knee",
        "answer": "C"
      },
      {
        "question": "In the movie 'Star Wars' what kind of creature is Chewbacca?",
        "A": "Woolie",
        "B": "Boobie",
        "C": "Wookie",
        "D": "Klingon",
        "answer": "C"
      },
      {
        "question": "'Nature, Mr. Allnut, is what we are put in this world to rise above' is a line from what film?",
        "A": "'Citizen Kane'",
        "B": "'The African Queen'",
        "C": "'The Deer Hunter'",
        "D": "'Adam's Rib'",
        "answer": "B"
      },
      {
        "question": "The dance known as the 'fandango' is of what origin?",
        "A": "Australian",
        "B": "African",
        "C": "Native American",
        "D": "Spanish",
        "answer": "D"
      },
      {
        "question": "What is a balalaika?",
        "A": "musical instrument",
        "B": "Russian peasant",
        "C": "type of hat",
        "D": "breed of shark",
        "answer": "A"
      },
      {
        "question": "In Greek mythology, what is the name of Zeus' father?",
        "A": "Apollo",
        "B": "Cronus",
        "C": "Prometheus",
        "D": "Hercules",
        "answer": "B"
      },
      {
        "question": "What are fans of the TV show 'Mystery Science Theater 3000' known as?",
        "A": "Mysterians",
        "B": "MiSTies",
        "C": "'Bot Brigade",
        "D": "Gizmonics",
        "answer": "B"
      },
      {
        "question": "What is the largest city in Pennsylvania?",
        "A": "Philadelphia",
        "B": "Stewartsville",
        "C": "Harrisburg",
        "D": "Pittsburgh",
        "answer": "A"
      }
    ]
  },
  {
    "questions": [
      {
        "question": "Who were the Know-Nothings?",
        "A": "a '60's comedy troupe",
        "B": "computer designers",
        "C": "a political party",
        "D": "a spy ring",
        "answer": "C"
      },
      {
        "question": "According to a popular slogan, what state should people not 'mess with'?",
        "A": "New York",
        "B": "Texas",
        "C": "Montana",
        "D": "Rhode Island",
        "answer": "B"
      },
      {
        "question": "What color is Uncle Sam's goatee?",
        "A": "brown",
        "B": "black ",
        "C": "white",
        "D": "dishwater blond",
        "answer": "C"
      },
      {
        "question": "The dance known as the 'fandango' is of what origin?",
        "A": "Australian",
        "B": "African",
        "C": "Native American",
        "D": "Spanish",
        "answer": "D"
      },
      {
        "question": "On which part of a car would you find the 'caliper'?",
        "A": "battery",
        "B": "engine",
        "C": "radiator",
        "D": "brakes",
        "answer": "D"
      },
      {
        "question": "In the Jimmy Buffet song 'Margaritaville' what is the singer searching for?",
        "A": "a lime",
        "B": "a shaker of salt",
        "C": "his car keys",
        "D": "the bartender",
        "answer": "B"
      },
      {
        "question": "A pita is a type of what?",
        "A": "fresh fruit",
        "B": "flat bread",
        "C": "French tart",
        "D": "friend bean dip",
        "answer": "B"
      },
      {
        "question": "In bowling, how many pins must you knock down to get a strike?",
        "A": "zero",
        "B": "8",
        "C": "10",
        "D": "12",
        "answer": "C"
      },
      {
        "question": "At the equator, how fast is the earth's surface turning?",
        "A": "about 100 miles per hour",
        "B": "about 500 miles per hour",
        "C": "about 1000 miles per hour",
        "D": "about 2000 miles per hour",
        "answer": "C"
      },
      {
        "question": "Which of the boys on the TV show 'My Three Sons' is adopted?",
        "A": "Mike",
        "B": "Ernie",
        "C": "Chip",
        "D": "Robbie",
        "answer": "B"
      }
    ]
  },
  {
    "questions": [
      {
        "question": "Who is the mythological Roman goddess of flowers?",
        "A": "Diana",
        "B": "Echo",
        "C": "Flora",
        "D": "Niobe",
        "answer": "C"
      },
      {
        "question": "What character did Woody replace on the TV show 'Cheers'?",
        "A": "Coach",
        "B": "Diane",
        "C": "Norm",
        "D": "Frasier",
        "answer": "A"
      },
      {
        "question": "In the phrase 'Y2K' what does 'K' stand for?",
        "A": "millennium",
        "B": "computer code",
        "C": "catastrophe",
        "D": "thousand",
        "answer": "D"
      },
      {
        "question": "How many innings are there in a regular Major League Baseball game?",
        "A": "seven",
        "B": "eight",
        "C": "nine",
        "D": "ten",
        "answer": "C"
      },
      {
        "question": "What city is known as 'the rubber capital of the world'?",
        "A": "Omaha, Nebraska",
        "B": "Rockford, Illinois",
        "C": "Grand Rapids, Michigan",
        "D": "Akron, Ohio",
        "answer": "D"
      },
      {
        "question": "If you are truly afraid of the dark, what do you suffer from?",
        "A": "hypnophobia",
        "B": "cryptophobia",
        "C": "hadephobia",
        "D": "nyctophobia",
        "answer": "D"
      },
      {
        "question": "In what country are police officers referred to as 'bobbies'?",
        "A": "Israel",
        "B": "Greece",
        "C": "England",
        "D": "France",
        "answer": "C"
      },
      {
        "question": "People are supposed to drive on the left-hand side of the road in which country?",
        "A": "France",
        "B": "Italy",
        "C": "England",
        "D": "Germany",
        "answer": "C"
      },
      {
        "question": "Modern computer microchips are primarily composed of what element?",
        "A": "Sodium",
        "B": "Silicon",
        "C": "Aluminum",
        "D": "Silver",
        "answer": "B"
      },
      {
        "question": "Backgammon is a how many player game?",
        "A": "Two",
        "B": "Three",
        "C": "Four",
        "D": "Six",
        "answer": "A"
      }
    ]
  },
  {
    "questions": [
      {
        "question": "What kind of car did Burt Reynolds drive in the movie 'Smokey and the Bandit'?",
        "A": "Lamborghini",
        "B": "Camaro",
        "C": "Corvette",
        "D": "Trans Am",
        "answer": "D"
      },
      {
        "question": "What is an alternate name for the food dish 'Beijing duck'?",
        "A": "Shanghai duck",
        "B": "Peking duck",
        "C": "Hong Kong duck",
        "D": "Brooklyn duck",
        "answer": "B"
      },
      {
        "question": "If someone has cataracts, what part of their body might need an operation?",
        "A": "ear",
        "B": "hand",
        "C": "eye",
        "D": "knee",
        "answer": "C"
      },
      {
        "question": "In American football, how many points is a touchdown worth?",
        "A": "two",
        "B": "three",
        "C": "six",
        "D": "seven",
        "answer": "C"
      },
      {
        "question": "Gerry Adams is the president of what organization?",
        "A": "Greenpeace",
        "B": "NASCAR",
        "C": "Sinn Fein",
        "D": "PLO",
        "answer": "C"
      },
      {
        "question": "The phrase 'hospital corners' refers to what?",
        "A": "bed sheets",
        "B": "paint",
        "C": "landscaping",
        "D": "scissors",
        "answer": "A"
      },
      {
        "question": "Including the bottom, how many sides are on a square-based pyramid?",
        "A": "three",
        "B": "four",
        "C": "five",
        "D": "six",
        "answer": "C"
      },
      {
        "question": "'Nature, Mr. Allnut, is what we are put in this world to rise above' is a line from what film?",
        "A": "'Citizen Kane'",
        "B": "'The African Queen'",
        "C": "'The Deer Hunter'",
        "D": "'Adam's Rib'",
        "answer": "B"
      },
      {
        "question": "In the phrase 'Y2K' what does 'K' stand for?",
        "A": "millennium",
        "B": "computer code",
        "C": "catastrophe",
        "D": "thousand",
        "answer": "D"
      },
      {
        "question": "Ada Lovelace is credited with being the first person to have made what?",
        "A": "a computer program",
        "B": "a souffle",
        "C": "a brassiere",
        "D": "a mystery novel",
        "answer": "A"
      }
    ]
  },
  {
    "questions": [
      {
        "question": "In computer terminology, what does the acronym 'FTP' stand for?",
        "A": "file transfer protocol",
        "B": "full time portal",
        "C": "full text processor",
        "D": "free to print",
        "answer": "A"
      },
      {
        "question": "What is another way of writing 'six feet'?",
        "A": "6'",
        "B": "6",
        "C": "6''",
        "D": "6#",
        "answer": "A"
      },
      {
        "question": "People are supposed to drive on the left-hand side of the road in which country?",
        "A": "France",
        "B": "Italy",
        "C": "England",
        "D": "Germany",
        "answer": "C"
      },
      {
        "question": "What is considered the proper way to address a duke?",
        "A": "'Your Majesty'",
        "B": "'Your Eminence'",
        "C": "'Your Excellency'",
        "D": "'Your Grace'",
        "answer": "D"
      },
      {
        "question": "If you are watching a Shavian play, who is the author?",
        "A": "Shakespeare",
        "B": "Aeschylus",
        "C": "George Bernard Shaw",
        "D": "Anton Chekhov",
        "answer": "C"
      },
      {
        "question": "Excluding wisdom teeth, how many adult teeth do humans have?",
        "A": "28",
        "B": "32",
        "C": "35",
        "D": "40",
        "answer": "A"
      },
      {
        "question": "What force causes an ice cream cone to fly off of a spinning merry-go-round?",
        "A": "centrifugal",
        "B": "vehicular",
        "C": "gravitational",
        "D": "torsal",
        "answer": "A"
      },
      {
        "question": "At what age can someone first attend an R-rated movie without an accompanying adult?",
        "A": "15",
        "B": "17",
        "C": "18",
        "D": "21",
        "answer": "C"
      },
      {
        "question": "How much does Peanuts character Lucy charge for her psychiatric advice?",
        "A": "5 cents",
        "B": "10 cents",
        "C": "75 cents",
        "D": "$125",
        "answer": "A"
      },
      {
        "question": "What famous radio personality was also the voice of Shaggy on the cartoon 'Scooby-Doo'?",
        "A": "Rush Limbaugh",
        "B": "Casey Kasem",
        "C": "Larry King",
        "D": "Howard Stern",
        "answer": "B"
      }
    ]
  },
  {
    "questions": [
      {
        "question": "What article of clothing best describes a 'pashmina'?",
        "A": "shoes",
        "B": "pants",
        "C": "scarf",
        "D": "underwear",
        "answer": "C"
      },
      {
        "question": "Which of these is not found in a Snickers candy bar?",
        "A": "almonds",
        "B": "chocolate",
        "C": "nougat",
        "D": "caramel",
        "answer": "A"
      },
      {
        "question": "What important food crop is grown in fields called paddies?",
        "A": "wheat",
        "B": "rye",
        "C": "corn",
        "D": "rice",
        "answer": "D"
      },
      {
        "question": "What is another way of writing 'six feet'?",
        "A": "6'",
        "B": "6",
        "C": "6''",
        "D": "6#",
        "answer": "A"
      },
      {
        "question": "On Valentine's Day 2000, NASA's NEAR spacecraft began a yearlong orbit of what asteroid?",
        "A": "Eros",
        "B": "Cupid",
        "C": "Aphrodite",
        "D": "Venus",
        "answer": "A"
      },
      {
        "question": "A flashing red traffic light signifies that a driver should do what?",
        "A": "stop",
        "B": "speed up",
        "C": "proceed with caution",
        "D": "honk the horn",
        "answer": "A"
      },
      {
        "question": "The Strauss family of composers popularized what dance?",
        "A": "waltz",
        "B": "tango",
        "C": "fox-trot",
        "D": "square dance",
        "answer": "A"
      },
      {
        "question": "Backgammon is a how many player game?",
        "A": "Two",
        "B": "Three",
        "C": "Four",
        "D": "Six",
        "answer": "A"
      },
      {
        "question": "What is an alternate name for the food dish 'Beijing duck'?",
        "A": "Shanghai duck",
        "B": "Peking duck",
        "C": "Hong Kong duck",
        "D": "Brooklyn duck",
        "answer": "B"
      },
      {
        "question": "A knish is traditionally stuffed with what filling?",
        "A": "potato",
        "B": "creamed corn",
        "C": "lemon custard",
        "D": "raspberry jelly",
        "answer": "A"
      }
    ]
  },
  {
    "questions": [
      {
        "question": "Which of these Hemingway characters is a newspaperman?",
        "A": "Jake Barnes",
        "B": "Rogelio Gomez",
        "C": "Frederic Henry",
        "D": "John MacWalsey",
        "answer": "A"
      },
      {
        "question": "During which war did US troops fight the Battle of New Orleans?",
        "A": "American Revolution",
        "B": "Civil War",
        "C": "Mexican War",
        "D": "War of 1812",
        "answer": "D"
      },
      {
        "question": "What is the birthstone for the month of January?",
        "A": "topaz",
        "B": "garnet",
        "C": "opal",
        "D": "diamond",
        "answer": "B"
      },
      {
        "question": "What biological process replicates DNA?",
        "A": "molting",
        "B": "mitosis",
        "C": "diffusion",
        "D": "peristalsis",
        "answer": "B"
      },
      {
        "question": "In what city would you find people studying art and design at the Fashion Institute of Technology?",
        "A": "Paris",
        "B": "New York",
        "C": "Los Angeles",
        "D": "Melbourne",
        "answer": "B"
      },
      {
        "question": "In golf, what is one stroke over par called?",
        "A": "eagle",
        "B": "bogey",
        "C": "dormy",
        "D": "birdie",
        "answer": "B"
      },
      {
        "question": "What company makes Oreo cookies?",
        "A": "General Mills",
        "B": "Nabisco",
        "C": "Keebler",
        "D": "Kraft",
        "answer": "B"
      },
      {
        "question": "If you have a 'sawbuck' how much money do you have?",
        "A": "$1",
        "B": "$5",
        "C": "$10",
        "D": "$20",
        "answer": "C"
      },
      {
        "question": "How much does Peanuts character Lucy charge for her psychiatric advice?",
        "A": "5 cents",
        "B": "10 cents",
        "C": "75 cents",
        "D": "$125",
        "answer": "A"
      },
      {
        "question": "In what war did Joan of Arc fight?",
        "A": "Hundred Years' War",
        "B": "Franco-Prussian War",
        "C": "French Revolution",
        "D": "French and Indian War",
        "answer": "A"
      }
    ]
  }
]