[
  {
    "email": "arundahal@gmail.com",
    "password": "123456"
  },
  {
    "email": "janedoe@gmail.com",
    "password": "1234567"
  },
  {
    "email": "tim@gmail.com",
    "password": "treyarch23"
  },
  {
    "email": "dddwdcew@gmailcom",
    "password": "pub347"
  },
  {
    "email": "dddwdcew@gmailcom",
    "password": "pub347"
  },
  {
    "email": "janedoe@gmail.com",
    "password": "1234567"
  },
  {
    "email": "github@gmail.com",
    "password": "utf8"
  },
  {
    "email": "github@gmail.com",
    "password": "utf8"
  }
]